review,sentiment
I love this product! It works great.,positive
"Terrible service, I'm very disappointed.",negative
Amazing quality and fast delivery!,positive
Not worth the money at all.,negative
I'm extremely satisfied with my purchase.,positive
This is the worst thing I've ever bought.,negative
"Excellent experience, will buy again.",positive
Completely useless and poorly made.,negative
Very happy with the result.,positive
The item broke after one use. Awful!,negative
The product exceeded my expectations.,positive
"Really bad experience, would not recommend.",negative
Five stars! Will definitely order again.,positive
The packaging was terrible and the item was damaged.,negative
Great value for the price.,positive
Horrible customer support. They never replied.,negative
"Absolutely love it, super convenient!",positive
It's a scam. Don't fall for it.,negative
Fantastic build quality and nice design.,positive
It stopped working after a week.,negative
Happy with the performance and the features.,positive
The item did not match the description.,negative
"Totally satisfied, 10/10.",positive
Worst purchase I've made this year.,negative
Very user-friendly and effective.,positive
Nothing good about this product.,negative
It does exactly what it says.,positive
I'm never buying from this store again.,negative
Quick delivery and great quality.,positive
Cheap materials and poor construction.,negative
